,chart_width,labeler,runtime,placed,diff_runtime,diff_placed,center_runtime,pixel_runtime,center_placed,pixel_placed
0,1000,floodfill,272.919445999898,27,-71.72568952822841,0.0,175.04276874987409,77.16609149985015,27.0,27
1,1000,reduced-search,77.16609149985015,27,-71.72568952822841,0.0,0.0,0.0,0.0,0.0
2,2000,floodfill,603.3201220007613,28,-75.72200583764692,-7.142857142857143,374.8970730002038,146.4740239996463,27.0,26
3,2000,reduced-search,146.4740239996463,26,-75.72200583764692,-7.142857142857143,0.0,0.0,0.0,0.0
4,4000,floodfill,851.1524434993044,28,-57.69274596458325,0.0,605.625834999606,360.0992264999077,28.0,28
5,4000,reduced-search,360.0992264999077,28,-57.69274596458325,0.0,0.0,0.0,0.0,0.0
6,8000,floodfill,1412.8789984984323,32,-26.906460135826354,-12.5,1222.8011362492107,1032.723273999989,30.0,28
7,8000,reduced-search,1032.723273999989,28,-26.906460135826354,-12.5,0.0,0.0,0.0,0.0
